,Species,Gene,Code,CDS,Sequence,Align_Start,Align_End,Hits_Number
12,Panthera leo,ATP_6,2,1,MNENLFTSFTTPTM-MGLPVVVLIIMFPSILFPSP-NRLINNRLVSLQQWLVQLTSKQMLAIHNHKGQTWALMLMSLILFIGSTNLLGLLPHSFTPTTQLSMNLGMAIPLWAGTVVTGFRHKTKASLAHFLPQGTPIPLIPMLVIIETISLFIQPVALAVRLTANITAGHLLMHLIGGATLALTNI-NASVALITFIILILLTVLEFAVALIQAYVFTLLVSLYLHDNT,1,226,26
14,Catopuma temminckii,ATP_6,2,1,MNENLFASFTTPTM-MGLPIVVLIIMFPSILFPSP-NRLINNRLISLQQWLVQLTSKQMLAIHNYKGQTWALMLMSLILFIGSTNLLGLLPHSFTPTTQLSMNLGMAIPLWAGTVITGFRHKTKASLAHFLPQGTPVPLIPMLVIIETISLFIQPMALAVRLTANITAGHLLMHLIGGAALALTNI-STSVALITFIILILLTILEFAVALIQAYVFTLLVSLYLHDNT,1,226,44
16,Lynx lynx,ATP_6,2,1,MNENLFASFTTPTM-MGLPVVILIIMFPSILFPSP-NRLINNRLVSLQQWLVQLTSKQMLTIHNHKGQTWALMLMSLILFIGSTNLLGLLPHSFTPTTQLSMNLGMAIPLWAGTVITGFRHKTKASLAHFLPQGTPIPLIPMLVIIETISLFIQPVALAVRLTANITAGHLLMHLIGGATLALTNI-STSVALITFIILILLTILEFAVALIQAYVFTLLVSLYLHDNT,1,226,100
17,Leopardus geoffroyi,ATP_6,2,1,MNENLFTSFTTPTM-MGLPIVILIIMFPSILFPSP-NRLINNRLVSLQQWLVQLTTKQMLAIHNHKGQTWALMLMSLILFIGSTNLLGLLPHSFTPTTQLSMNLGMAIPLWAGTVITGFRHKTKASLAHFLPQGTPIPLIPMLVIIETISLFIQPMALAVRLTANITAGHLLMHLIGGATLALTSI-STSIALITFIILILLTILEFAVALIQAYVFTLLVSLYLHDNT,1,226,13
19,Felis catus,ATP_6,2,1,MNENLFASFTTPTM-MGLPIVILIIMFPSILFPSP-NRLINNRLVSLQQWLVQLTSKQMLAIHNHKGQTWALMLMSLILFIGSTNLLGLLPHSFTPTTQLSMNLGMAIPLWAGTVITGFRHKTKASLAHFLPQGTPVPLIPMLVVIETISLFIQPMALAVRLTANITAGHLLMHLIGGAALALMNI-STSIALITFTILILLTILEFAVALIQAYVFTLLVSLYLHDNT,1,226,10
21,Felis silvestris,ATP_6,2,1,MNENLFASFTTPTM-MGLPIVILIIMFPSILFPSP-NRLINNRLVSLQQWLVQLTSKQMLAIHNHKGQTWALMLMSLILFIGSTNLLGLLPHSFTPTTQLSMNLGMAIPLWAGTVITGFRHKTKASLAHFLPQGTPVPLIPMLVVIETISLFIQPMALAVRLTANITAGHLLMHLIGGAALALMNI-STSIALITFTILILLTILEFAVALIQAYVFTLLVSLYLHDNT,1,226,10
24,Puma concolor,ATP_6,2,1,MNENLFASFATPTM-MGLPIVILIVMFPSILFPSP-NRLINNRLISLQQWLVQLTSKQMLAIHNHKGQTWALMLMSLILFIGSTNLLGLLPHSFTPTTQLSMNLGMAIPLWAGTVITGFRHKTKASLAHFLPQGTPIPLIPMLVIIETISLFIQPMALAVRLTANITAGHLLMHLIGGATLALMNI-TTSVALITFIILILLTILEFAVALIQAYVFTLLVSLYLHDNT,1,226,31
26,Prionailurus bengalensis,ATP_6,2,1,MNENLFASFTTPTM-MGLPIVILIIMFPSILFPSP-NRLINNRLVSLQQWLVQLTSKQMLAIHNHKGQTWALMLMSLILFIGSTNLLGLLPHSFTPTTQLSMNLGMAIPLWAGTVITGFRHKTKASLAHFLPQGTPIPLIPMLVVIETISLFIQPMALAVRLTANITAGHLLMHLIGGAALALTNI-STSIALITFTILILLTILEFAVALIQAYVFTLLVSLYLHDNT,1,226,60
27,Prionailurus planiceps,ATP_6,2,1,MNENLFASFTTPTM-MGLPVVILIIMFPSILFPSP-NRLINNRLISLQQWLVQLTSKQMLAIHNHKGQTWALMLMSLILFIGSTNLLGLLPHSFTPTTQLSMNLGMAIPLWAGTVITGFRHKTKASLAHFLPQGTPIPLIPMLVVIETISLFIQPMALAVRLTANITAGHLLMHLIGGATLALTNI-STSIALITFTILILLTILEFAVALIQAYVFTLLVSLYLHDNT,1,226,23
31,Panthera onca,ATP_6,2,1,MNENLFTSFTTPTM-MGLPIVMLIIMFPSILFPSP-SRLINNRLISLQQWLVQLTSKQMLAIHNHKGQTWALMLMSLILFIGSTNLLGLLPHSFTPTTQLSMNLGMAIPLWAGTVITGFRHKTKASLAHFLPQGTPIPLIPMLVIIETISLFIQPVALAVRLTANITAGHLLMHLIGGAALALMNI-STSIALITFIILILLTVLEFAVALIQAYVFTLLVSLYLHDNT,1,226,12
