,Control_ID,Seq_ID,Sequence,Start_Pos,End_Pos
0,3,AP002937,GTGGCAATCACACGCTGATTTTTCTCGACCAACCACAAAGACATTGGTACCCTCTATCTAGTATTTGGTGCCTGAGCCGGCATAGTCGGCACAGCCCTAAGTCTTCTCATCCGGGCGGAACTAAGCCAACCGGGGGCCCTCCTAGGAGATGATCAAATTTATAACGTCATTGTTACGGCACACGCCTTTGTAATAATTTTCTTTATAGTAATACCAATTATAATTGGAGGATTCGGAAACTGACTGGTTCCCCTGATGATCGGGGCCCCAGATATAGCATTTCCCCGAATAAATAATATGAGTTTCTGACTTCTTCCCCCATCCTTCCTACTACTCCTGGCCTCTTCTGGGGTAGAGGCAGGCGCTGGAACAGGGTGAACAGTTTATCCACCCCTTGCAGGAAACCTCGCACACGCAGGAGCCTCCGTAGACCTCACCATTTTCTCCCTTCATTTAGCAGGTATCTCCTCAATTCTGGGGGCCATTAACTTTATTACAACCATTATTAATATAAAACCCCCTGCAATTTCACAATACCAAACTCCCCTCTTTGTATGATCCGTTTTAGTTACAGCCGTTCTACTCCTCCTCTCCCTACCCGTTCTTGCAGCCGGTATTACCATACTACTAACCGACCGTAACCTAAACACCACCTTCTTTGACCCGTCAGGAGGAGGAGACCCCATCCTATACCAACACCTGTTTTGATTTTTTGGGCACCCAGAAGTATATATTTTAATTCTTCCAGGGTTTGGTATAATCTCTCACATTGTCGCCTACTACTCTGGTAAAAAAGAACCCTTCGGTTATATGGGTATGGTCTGGGCTATAATAGCCATTGGCCTACTCGGGTTCATTGTATGAGCCCATCACATGTTTACAGTCGGTATAGACGTTGATACCCGAGCCTATTTTACATCCGCCACAATAATTATTGCCATCCCAACAGGGGTAAAAGTTTTTAGCTGATTAGCCACACTACACGGCGGAGCTATTAAATGAGAAACCCCCCTTTTATGAGCCCTTGGATTCATTTTCCTGTTTACGGTAGGGGGCCTCACAGGAATTGTCCTGGCCAACTCTTCCTTAGACATCGTCCTTCATGACACTTACTACGTAGTTGCCCATTTCCACTACGTTCTCTCTATGGGTGCTGTATTTGCCATCATGGCTGCCTTCGTACACTGATTCCCCCTATTTTCAGGATATACTCTCCACAGCACATGAACTAAAATTCATTTCGGAGTAATATTCCTGGGGGTTAATCTCACATTCTTCCCACAACACTTCCTAGGTCTAGCGGGCATGCCTCGACGATACTCAGACTACCCAGACGCCTATACCCTATGAAATACCGTCTCCTCAGTTGGCTCCCTAATTTCCCTAGTGGCTGTAATTATATTCTTATTCATTCTTTGAGAAGCATTTGCTGCCAAACGAGAAGTACTGTCAGTAGAAATAACCACAACCAATGTAGAGTGATTACACGGCTGCCCTCCCCCATACCACACATTTGAAGAGCCCGCATTTGTTCAAGTACGAACAAGT,5469,7016
1,3,EU148304,---------------------------------------------------CTCTATCTAGTATTTGGTGCCTGAGCCGGCATAGTCGGCACAGCCCTAAGTCTTCTCATCCGGGCGGAACTAAGCCAACCGGGGGCCCTCCTAGGAGATGATCAAATTTATAACGTCATTGTTACGGCACACGCCTTTGTAATAATTTTCTTTATAGTAATACCAATTATAATTGGAGGATTCGGAAATTGACTGGTTCCCCTGATGATCGGGGCCCCAGACATAGCATTTCCCCGAATAAATAATATGAGTTTCTGACTTCTTCCCCCATCCTTCCTACTACTCCTAGCCTCTTCTGGGGTAGAGGCAGGCGCTGGAACAGGGTGAACAGTTTATCCACCCCTTGCAGGAAACCTCGCACACGCAGGAGCCTCCGTAGACCTTACCATTTTCTCCCTTCATTTAGCAGGGGTCTCCTCAATTCTGGGGGCCATTAACTTTATCACAACCATTATTAATATGAAACCCCCTGCAATTTCACAGTACCAAACTCCCCTCTTTGTATGATCCGTTTTAGTTACAGCCGTTCTACTCCTCCTCTCCCTACCCGTTCTTGCAGCCGGTATTACCATACTACTAACCGACCGTAACCTAAACACCACTTTCTTTGACCCGTCAGGAGGGGGAGACCCCATCCTATACCAACACCTG------------------------------------------------------------------------------------------------------------------------------------------------------------------------------------------------------------------------------------------------------------------------------------------------------------------------------------------------------------------------------------------------------------------------------------------------------------------------------------------------------------------------------------------------------------------------------------------------------------------------------------------------------------------------------------------------------------------------------------------------------------------------------------------------------------------------------------------------------------------------------,2,652
2,3,JQ354324,---------------------------------------------GGCACCCTCTATCTAGTATTTGGTGCCTGAGCCGGCATAGTCGGCACAGCCCTAAGTCTTCTTATCCGGGCGGAACTAAGCCAACCGGGGGCCCTCCTAGGAGATGATCAAATTTATAACGTCATTGTTACGGCACACGCCTTTGTAATAATTTTCTTTATAGTAATACCAATTATAATTGGAGGATTCGGAAATTGACTGGTTCCCCTGATGATCGGGGCCCCAGACATAGCATTTCCCCGAATAAATAATATGAGTTTCTGACTTCTTCCCCCATCCTTCCTACTACTCCTGGCCTCTTCTGGGGTAGAGGCAGGCGCTGGAACAGGGTGAACAGTTTATCCACCCCTTGCAGGAAACCTCGCACACGCAGGAGCCTCCGTAGACCTTACCATTTTCTCCCTTCATTTAGCAGGGGTCTCCTCAATTCTGGGGGCCATTAACTTTATCACAACCATTATTAATATAAAACCCCCTGCAATTTCACAGTACCAAACTCCCCTCTTTGTATGATCCGTTTTAGTTACAGCCGTTCTACTCCTCCTCTCCCTACCCGTTCTTGCAGCCGGTATTACCATGCTACTAACCGACCGTAACCTAAACACCACCTTCTTTGACCCGTCAGGAGGAGGAGACCCCATCCTATACCAACACCTGTTTTGATTCTTC------------------------------------------------------------------------------------------------------------------------------------------------------------------------------------------------------------------------------------------------------------------------------------------------------------------------------------------------------------------------------------------------------------------------------------------------------------------------------------------------------------------------------------------------------------------------------------------------------------------------------------------------------------------------------------------------------------------------------------------------------------------------------------------------------------------------------------------------------------------,3,671
3,3,JQ354325,---------------------------------------------GGCACCCTCTATCTAGTATTTGGTGCCTGAGCCGGCATAGTCGGCACAGCCCTAAGTCTTCTCATCCGGGCGGAACTAAGCCAACCGGGGGCCCTCCTAGGAGATGATCAAATTTATAACGTCATTGTTACGGCACACGCCTTTGTAATAATTTTCTTTATAGTAATACCAATTATAATTGGAGGATTCGGAAATTGACTGGTTCCCCTGATGATCGGGGCCCCAGACATAGCATTTCCCCGAATAAATAATATGAGTTTCTGACTTCTTCCCCCATCCTTCCTACTACTCCTGGCCTCTTCTGGGGTAGAGGCAGGCGCTGGAACAGGGTGAACAGTTTATCCACCCCTTGCAGGAAACCTCGCGCACGCAGGAGCCTCCGTAGACCTTACCATTTTCTCCCTTCATTTAGCAGGGGTCTCCTCAATTCTGGGGGCCATTAACTTTATCACAACCATTATTAATATAAAACCCCCTGCAATTTCACAGTACCAAACTCCCCTCTTTGTATGATCCGTTTTAGTTACAGCCGTTCTACTCCTCCTCTCCCTACCCGTTCTTGCAGCCGGTATTACCATACTACTAACCGACCGTAACCTAAACACCACCTTCTTTGACCCGTCAGGAGGAGGAGACCCCATCCTATACCAACACCTGTTTTGATTCTTC------------------------------------------------------------------------------------------------------------------------------------------------------------------------------------------------------------------------------------------------------------------------------------------------------------------------------------------------------------------------------------------------------------------------------------------------------------------------------------------------------------------------------------------------------------------------------------------------------------------------------------------------------------------------------------------------------------------------------------------------------------------------------------------------------------------------------------------------------------------,3,671
4,3,MN123485,---------------------------------------------------CTCTATCTAGTATTTGGTGCCTGAGCCGGCATAGTCGGCACAGCCCTAAGTCTTCTCATCCGGGCGGAACTAAGCCAACCGGGGGCCCTCCTAGGAGATGATCAAATTTATAACGTCATTGTTACGGCACACGCCTTTGTAATAATTTTCTTTATAGTAATACCAATTATAATTGGAGGATTCGGAAATTGACTGGTTCCCCTGATGATCGGGGCCCCAGACATAGCATTTCCCCGAATAAATAATATGAGTTTCTGACTTCTTCCCCCATCCTTCCTACTACTCCTGGCCTCTTCTGGGGTAGAGGCAGGCGCTGGAACAGGGTGAACAGTTTATCCACCCCTTGCAGGAAACCTCGCACACGCAGGAGCCTCCGTAGACCTTACCATTTTCTCCCTTCATTTAGCAGGGGTCTCCTCAATTCTGGGGGCCATTAACTTTATCACAACCATTATTAATATAAAACCCCCTGCAATTTCACAGTACCAAACTCCCCTCTTTGTATGATCCGTTTTAGTTACAGCCGTTCTACTCCTCCTCTCCCTACCCGTTCTTGCAGCCGGTATTACCATACTACTAACCGACCGTAACCTAAACACCACTTTCTTTGACCCGTCAGGAGGAGGAGACCCCATCCTATACCAACACCTG------------------------------------------------------------------------------------------------------------------------------------------------------------------------------------------------------------------------------------------------------------------------------------------------------------------------------------------------------------------------------------------------------------------------------------------------------------------------------------------------------------------------------------------------------------------------------------------------------------------------------------------------------------------------------------------------------------------------------------------------------------------------------------------------------------------------------------------------------------------------------,1,651
5,3,KY033745,---------------------------------------------------CTCTATCTAGTATTTGGTGCCTGAGCCGGCATAGTCGGCACAGCCCTAAGTCTTCTCATCCGGGCGGAACTAAGCCAACCGGGGGCCCTCCTAGGAGATGATCAAATTTATAACGTCATTGTTACGGCACACGCCTTTGTAATAATTTTCTTTATAGTAATACCAATTATAATTGGAGGATTCGGAAATTGACTGGTTCCCCTGATGATCGGGGCCCCAGACATAGCATTTCCCCGAATAAATAATATGAGTTTCTGACTTCTTCCCCCATCCTTCCTACTACTCCTGGCCTCTTCTGGGGTAGAGGCAGGCGCTGGAACAGGGTGAACAGTTTATCCACCCCTTGCAGGAAACCTCGCACACGCAGGAGCCTCCGTAGACCTTACCATTTTCTCCCTTCATTTAGCAGGGGTCTCCTCAATTCTGGGGGCCATTAACTTTATCACAACCATTATTAATATAAAACCCCCTGCAATTTCACAGTACCAAACTCCCCTCTTTGTATGATCCGTTTTAGTTACAGCCGTTCTACTCCTCCTCTCCCTACCCGTTCTTGCAGCCGGTATTACCATACTACTAACCGACCGTAACCTAAACACCACCTTCTTTGACCCGTCAGGAGGAGGAGACCCCATCCTATACCAACACCTG------------------------------------------------------------------------------------------------------------------------------------------------------------------------------------------------------------------------------------------------------------------------------------------------------------------------------------------------------------------------------------------------------------------------------------------------------------------------------------------------------------------------------------------------------------------------------------------------------------------------------------------------------------------------------------------------------------------------------------------------------------------------------------------------------------------------------------------------------------------------------,2,652
6,3,EU148305,---------------------------------------------------CTCTATCTAGTATTTGGTGCCTGAGCCGGCATAGTCGGCACAGCCCTAAGTCTTCTCATCCGGGCGGAACTAAGCCAACCGGGGGCCCTCCTAGGAGATGATCAAATTTATAACGTCATTGTTACGGCACACGCCTTTGTAATAATTTTCTTTATAGTAATACCAATTATAATTGGAGGATTCGGAAATTGACTGGTTCCCCTGATGATCGGGGCCCCAGACATAGCATTTCCCCGAATAAATAATATGAGTTTCTGACTTCTTCCCCCATCCTTCCTACTACTCCTGGCCTCTTCTGGGGTAGAGGCAGGCGCTGGAACAGGGTGAACAGTTTATCCACCCCTTGCAGGAAACCTCGCACACGCAGGAGCCTCCGTAGACCTTACCATTTTCTCCCTTCATTTAGCAGGGGTCTCCTCAATTCTGGGGGCCATTAACTTTATCACAACCATTATTAATATAAAACCCCCTGCAATTTCACAGTACCAAACTCCCCTCTTTGTATGATCCGTTTTAGTTACAGCCGTTCTACTCCTCCTCTCCCTACCCGTTCTTGCAGCCGGTATTACCATACTACTAACCGACCGTAACCTAAACACCACCTTCTTTGACCCGTCAGGAGGAGGAGACCCTATCCTATACCAACACCTG------------------------------------------------------------------------------------------------------------------------------------------------------------------------------------------------------------------------------------------------------------------------------------------------------------------------------------------------------------------------------------------------------------------------------------------------------------------------------------------------------------------------------------------------------------------------------------------------------------------------------------------------------------------------------------------------------------------------------------------------------------------------------------------------------------------------------------------------------------------------------,2,652
7,3,EU148303,---------------------------------------------------CTCTATCTAGTATTTGGTGCCTGAGCCGGCATAGTCGGCACAGCCCTAAGTCTTCTCATCCGGGCGGAACTAAGCCAACCGGGGGCCCTCCTAGGAGATGATCAAATTTATAACGTCATTGTTACGGCACACGCCTTTGTAATAATTTTCTTTATAGTAATACCAATTATAATTGGAGGATTCGGAAATTGACTGGTTCCCCTGATGATCGGGGCCCCAGACATAGCATTTCCCCGAATAAATAATATGAGTTTCTGACTTCTTCCCCCATCCTTCCTACTACTCCTAGCCTCTTCTGGGGTAGAGGCAGGCGCTGGAACAGGGTGAACAGTTTATCCACCCCTTGCAGGAAACCTCGCACACGCAGGAGCCTCCGTAGACCTTACCATTTTCTCCCTTCATTTAGCAGGGGTCTCCTCAATTCTGGGGGCCATTAACTTTATCACAACCATTATTAATATAAAACCCCCTGCAATTTCACAGTACCAAACTCCCCTCTTTGTATGATCCGTTTTAGTTACAGCCGTTCTACTCCTCCTCTCCCTACCCGTTCTTGCAGCCGGTATTACCATACTACTAACCGACCGTAACCTAAACACCACTTTCTTTGACCCGTCAGGAGGGGGAGACCCCATCCTATACCAACACCTG------------------------------------------------------------------------------------------------------------------------------------------------------------------------------------------------------------------------------------------------------------------------------------------------------------------------------------------------------------------------------------------------------------------------------------------------------------------------------------------------------------------------------------------------------------------------------------------------------------------------------------------------------------------------------------------------------------------------------------------------------------------------------------------------------------------------------------------------------------------------------,2,652
8,3,DQ027986,------------------------------------------------------------GTATTTGGTGCCTGAGCCGGCATAGTCGGCACAGCCCTAAGTCTTCTCATCCGGGCGGAACTAAGCCAACCGGGGGCCCTCCTAGGAGATGATCAAATTTATAACGTCATTGTTACGGCACACGCCTTTGTAATAATTTTCTTTATAGTAATACCAATTATAATTGGAGGATTCGGAAACTGACTGGTTCCCCTGATGATCGGGGCCCCAGATATAGCATTTCCCCGAATAAATAATATGAGTTTCTGACTTCTTCCCCCATCCTTCCTACTACTCCTGGCCTCTTCTGGGGTAGAGGCAGGCGCTGGAACAGGGTGAACAGTTTATCCACCCCTTGCAGGAAACCTCGCACACGCAGGAGCCTCCGTAGACCTCACCATTTTCTCCCTTCATTTAGCAGGTATCTCCTCAATTCTGGGGGCCATTAACTTTATTACAACCATTATTAATATAAAACCCCCTGCAATTTCACAATACCAAACTCCCCTCTTTGTATGATCCGTTTTAGTTACAGCCGTTCTACTCCTCCTCTCCCTACCCGTTCTTGCAGCCGGTATTACCATACTACTAACCGACCGTAACCTAAACACCACCTTCTTTGACCCGTCAGGAGGAGGAGACCCCATCCTATAC---------------------------------------------------------------------------------------------------------------------------------------------------------------------------------------------------------------------------------------------------------------------------------------------------------------------------------------------------------------------------------------------------------------------------------------------------------------------------------------------------------------------------------------------------------------------------------------------------------------------------------------------------------------------------------------------------------------------------------------------------------------------------------------------------------------------------------------------------------------------------------------,1,633
9,3,KY033747,---------------------------------------------------------------------------GCCGGCATAGTCGGCACAGCCCTAAGTCTTCTTATTCGGGCGGAACTAAGCCAACCGGGGGCCCTCCTAGGAGATGATCAAATTTATAACGTCATTGTTACGGCACACGCCTTTGTAATAATTTTCTTTATAGTAATACCAATTATAATTGGAGGATTCGGAAATTGACTGGTTCCCCTGATGATCGGGGCCCCAGACATAGCATTCCCCCGAATAAATAATATGAGTTTCTGACTTCTTCCCCCATCCTTCCTACTACTCCTGGCCTCTTCTGGGGTAGAGGCAGGCGCTGGAACAGGGTGAACAGTTTATCCACCCCTTGCAGGAAACCTCGCACACGCAGGAGCCTCCGTAGACCTTACCATTTTCTCCCTTCATTTAGCAGGGGTCTCCTCAATTCTGGGGGCCATTAACTTTATCACAACCATTATTAATATAAAACCCCCTGCAATTTCACAGTACCAAACTCCCCTCTTTGTATGATCCGTTTTAGTTACAGCCGTTCTACTCCTCCTCTCCCTACCCGTTCTTGCAGCCGGTATCACCATACTACTAACCGACCGTAACCTAAACACCACCTTCTTTGAC---------------------------------------------------------------------------------------------------------------------------------------------------------------------------------------------------------------------------------------------------------------------------------------------------------------------------------------------------------------------------------------------------------------------------------------------------------------------------------------------------------------------------------------------------------------------------------------------------------------------------------------------------------------------------------------------------------------------------------------------------------------------------------------------------------------------------------------------------------------------------------------------------------------------,4,591
